"Дата","Цена","Откр.","Макс.","Мин.","Объём","Изм. %"
"23.02.2024","283,60","284,72","285,95","283,50","5,06M","-0,05%"
"22.02.2024","283,75","279,18","284,06","278,98","5,07M","2,53%"
"21.02.2024","276,76","274,63","276,97","273,53","4,71M","0,59%"
"20.02.2024","275,15","274,57","276,84","273,34","6,16M","-1,22%"
"16.02.2024","278,56","280,96","281,12","277,87","6,63M","-0,86%"
"15.02.2024","280,98","277,65","281,12","277,56","4,82M","1,23%"
"14.02.2024","277,56","276,47","277,64","274,71","4,22M","0,63%"
"13.02.2024","275,81","273,75","278,00","272,76","5,49M","0,27%"
"12.02.2024","275,07","276,43","276,67","274,24","3,68M","-0,49%"
"09.02.2024","276,43","275,00","277,18","274,09","4,62M","0,24%"
"08.02.2024","275,78","279,54","279,66","275,28","5,83M","-1,29%"
"07.02.2024","279,39","279,38","279,54","277,06","4,74M","0,95%"
"06.02.2024","276,76","274,80","276,88","274,03","4,40M","0,43%"
"05.02.2024","275,58","277,40","278,00","275,13","4,90M","-0,58%"
"02.02.2024","277,18","277,61","278,50","275,68","4,85M","0,05%"
"01.02.2024","277,05","273,39","277,19","273,36","7,06M","1,39%"
"31.01.2024","273,26","277,12","279,99","273,18","6,14M","-1,40%"
"30.01.2024","277,15","274,59","278,64","274,19","6,54M","1,28%"
"29.01.2024","273,66","266,97","275,07","266,71","6,56M","2,13%"
"26.01.2024","267,94","265,94","270,87","265,60","8,59M","-1,71%"
"25.01.2024","272,61","271,95","272,78","270,80","6,55M","0,35%"
"24.01.2024","271,65","272,57","272,86","271,08","4,95M","0,14%"
"23.01.2024","271,26","271,55","271,87","269,91","5,88M","0,02%"
"22.01.2024","271,20","272,24","272,35","270,36","5,98M","0,11%"
"19.01.2024","270,90","268,18","271,15","267,05","7,23M","1,03%"
"18.01.2024","268,14","267,88","268,78","266,42","6,67M","0,57%"
"17.01.2024","266,63","264,42","267,10","264,39","5,10M","0,52%"
"16.01.2024","265,24","263,52","265,66","262,35","6,14M","0,41%"
"12.01.2024","264,17","265,13","265,55","263,71","4,66M","0,05%"
"11.01.2024","264,03","265,46","266,19","262,40","5,58M","-0,20%"
"10.01.2024","264,56","264,97","265,37","262,86","4,33M","0,47%"
"09.01.2024","263,33","262,00","263,62","261,14","7,02M","0,30%"
"08.01.2024","262,54","260,94","262,62","259,95","4,62M","1,10%"
"05.01.2024","259,69","260,78","261,46","258,75","3,75M","0,03%"
"04.01.2024","259,61","258,07","261,04","258,00","3,80M","0,63%"
"03.01.2024","257,98","258,55","258,86","256,86","4,13M","-0,34%"
"02.01.2024","258,87","259,61","260,09","257,67","5,13M","-0,57%"
"29.12.2023","260,35","260,57","261,46","259,67","4,07M","-0,02%"
"28.12.2023","260,40","258,54","260,97","258,54","2,98M","0,57%"
"27.12.2023","258,93","259,25","259,77","258,31","4,03M","-0,09%"
"26.12.2023","259,16","258,53","259,73","258,53","2,06M","0,28%"
"22.12.2023","258,43","260,00","261,20","258,22","5,11M","-0,43%"
"21.12.2023","259,54","257,51","259,99","257,04","6,05M","0,95%"
"20.12.2023","257,11","260,50","260,82","257,08","7,22M","-1,11%"
"19.12.2023","259,99","258,61","260,34","257,20","8,72M","0,63%"
"18.12.2023","258,37","258,70","259,59","257,95","5,99M","0,13%"
"15.12.2023","258,03","254,51","258,37","254,45","13,37M","-0,27%"
"14.12.2023","258,73","263,19","263,25","256,40","8,02M","-1,39%"
"13.12.2023","262,38","259,15","262,48","258,69","4,57M","1,09%"
"12.12.2023","259,56","257,30","259,72","256,39","5,82M","1,19%"
"11.12.2023","256,52","255,00","257,63","255,00","5,92M","0,30%"
"08.12.2023","255,74","255,00","256,04","253,87","3,73M","-0,03%"
"07.12.2023","255,82","254,89","256,14","253,50","3,55M","0,60%"
"06.12.2023","254,29","255,80","256,83","253,53","3,80M","-0,13%"
"05.12.2023","254,61","254,19","254,82","252,14","4,16M","0,07%"
"04.12.2023","254,44","255,91","257,39","254,35","5,20M","-0,78%"
"01.12.2023","256,45","255,79","256,91","253,90","3,94M","-0,09%"
"30.11.2023","256,68","254,25","256,77","253,17","6,69M","0,96%"
"29.11.2023","254,23","253,92","256,07","253,52","4,93M","0,51%"
"28.11.2023","252,94","253,85","254,15","251,61","5,17M","-0,47%"
"27.11.2023","254,14","254,30","254,98","252,52","5,42M","-0,06%"
"24.11.2023","254,30","254,19","254,70","253,50","1,64M","0,23%"
"22.11.2023","253,72","253,00","254,54","252,66","5,70M","0,59%"
"21.11.2023","252,23","250,03","253,34","250,03","7,15M","0,90%"
"20.11.2023","249,97","249,61","250,93","245,60","8,57M","0,16%"
"17.11.2023","249,56","249,45","250,24","248,66","7,24M","0,40%"
"16.11.2023","248,57","248,59","249,45","247,27","7,05M","0,19%"
"15.11.2023","248,11","246,81","248,24","245,34","13,26M","0,47%"
"14.11.2023","246,94","246,17","247,93","245,58","14,09M","0,93%"
"13.11.2023","244,67","245,00","245,68","244,11","4,05M","-0,24%"
"10.11.2023","245,25","243,98","245,27","241,97","4,09M","1,49%"
"09.11.2023","241,64","244,33","244,48","240,97","4,87M","-0,93%"
"08.11.2023","243,91","243,49","244,75","242,80","5,10M","-0,35%"
"07.11.2023","244,77","243,41","245,07","243,38","4,22M","0,53%"
"06.11.2023","243,49","244,00","244,78","242,61","5,25M","-0,05%"
"03.11.2023","243,60","245,12","245,32","242,26","5,03M","0,14%"
"02.11.2023","243,25","239,91","243,25","239,20","5,97M","1,96%"
"01.11.2023","238,58","236,14","239,04","235,68","4,93M","1,48%"
"31.10.2023","235,10","233,57","235,72","232,99","4,82M","0,87%"
"30.10.2023","233,08","232,19","233,38","230,03","5,17M","1,66%"
"27.10.2023","229,27","231,17","231,39","228,03","5,54M","-0,87%"
"26.10.2023","231,28","234,57","235,60","230,36","6,41M","-2,35%"
"25.10.2023","236,85","232,25","238,48","231,29","10,29M","0,94%"
"24.10.2023","234,65","232,89","236,53","232,89","6,59M","1,35%"
"23.10.2023","231,53","231,36","234,46","231,28","5,07M","-0,79%"
"20.10.2023","233,38","234,13","235,77","232,64","5,71M","-0,18%"
"19.10.2023","233,81","237,47","237,92","233,40","5,93M","-1,54%"
"18.10.2023","237,47","239,96","240,83","236,99","9,52M","-1,55%"
"17.10.2023","241,20","239,63","241,48","238,29","4,47M","0,47%"
"16.10.2023","240,07","239,00","240,71","238,33","6,20M","1,01%"
"13.10.2023","237,67","236,39","238,65","236,23","4,96M","0,38%"
"12.10.2023","236,78","236,71","237,73","234,89","4,46M","0,47%"
"11.10.2023","235,68","237,55","238,51","234,89","4,75M","-0,39%"
"10.10.2023","236,60","234,90","238,22","234,28","4,64M","0,92%"
"09.10.2023","234,44","232,80","235,17","231,70","5,37M","-0,26%"
"06.10.2023","235,04","233,17","236,59","232,75","6,40M","0,67%"
"05.10.2023","233,48","230,41","234,19","230,22","6,12M","0,98%"
"04.10.2023","231,22","229,48","231,70","228,88","5,43M","1,05%"
"03.10.2023","228,81","230,47","231,75","227,78","5,57M","-1,06%"
"02.10.2023","231,27","229,24","231,37","228,77","5,17M","0,55%"
"29.09.2023","230,01","232,84","233,03","229,65","6,05M","-0,71%"
"28.09.2023","231,66","230,67","232,54","229,67","4,20M","0,94%"
"27.09.2023","229,50","230,26","230,68","227,92","6,00M","-0,07%"
"26.09.2023","229,65","231,93","232,67","229,60","6,19M","-1,59%"
"25.09.2023","233,36","235,38","235,47","232,21","5,92M","-0,73%"
"22.09.2023","235,08","236,75","237,79","234,88","5,94M","-0,65%"
"21.09.2023","236,61","240,77","240,78","236,27","6,87M","-2,17%"
"20.09.2023","241,86","243,63","244,53","241,67","5,75M","-0,70%"
"19.09.2023","243,56","245,00","245,12","241,46","4,70M","-0,45%"
"18.09.2023","244,66","240,94","245,23","240,77","4,77M","1,49%"
"15.09.2023","241,07","241,90","244,10","240,03","13,08M","-0,18%"
"14.09.2023","241,50","245,00","245,54","238,75","11,99M","-2,55%"
"13.09.2023","247,83","247,15","250,06","246,61","5,63M","0,21%"
"12.09.2023","247,30","246,94","247,76","246,01","3,50M","0,03%"
"11.09.2023","247,22","247,33","248,36","246,27","2,99M","-0,03%"
"08.09.2023","247,29","247,79","248,14","246,44","3,31M","0,06%"
"07.09.2023","247,14","245,50","247,40","245,11","4,01M","0,40%"
"06.09.2023","246,16","245,42","246,66","244,21","4,52M","0,33%"
"05.09.2023","245,34","248,35","248,69","245,20","4,46M","-1,12%"
"01.09.2023","248,11","247,47","248,87","246,77","4,11M","0,99%"
"31.08.2023","245,68","245,59","248,02","245,45","5,52M","-0,22%"
"30.08.2023","246,23","246,42","248,23","246,05","4,52M","0,36%"
"29.08.2023","245,34","243,50","245,83","243,40","3,97M","0,62%"
"28.08.2023","243,83","243,01","245,23","242,60","3,74M","0,52%"
"25.08.2023","242,57","241,38","243,41","240,21","3,54M","1,29%"
"24.08.2023","239,47","242,25","243,56","239,36","4,57M","-1,17%"
"23.08.2023","242,30","241,32","242,54","240,72","4,95M","0,72%"
"22.08.2023","240,57","240,00","241,43","238,67","3,85M","0,46%"
"21.08.2023","239,46","239,38","240,53","237,76","3,57M","0,54%"
"18.08.2023","238,17","235,58","239,05","235,30","4,27M","0,34%"
"17.08.2023","237,37","240,00","240,38","236,49","4,18M","-0,80%"
"16.08.2023","239,29","236,53","241,07","236,02","3,20M","-0,23%"
"15.08.2023","239,83","242,01","242,67","239,35","3,77M","-1,26%"
"14.08.2023","242,90","240,72","243,33","240,26","4,35M","1,19%"
"11.08.2023","240,04","240,00","240,72","238,41","3,61M","-0,05%"
"10.08.2023","240,16","240,62","243,95","240,09","4,77M","0,17%"
"09.08.2023","239,76","240,50","241,97","239,49","4,05M","0,20%"
"08.08.2023","239,29","240,42","241,36","237,39","5,08M","-0,92%"
"07.08.2023","241,51","239,22","242,18","239,21","5,65M","1,05%"
"04.08.2023","238,99","238,00","241,91","237,84","5,17M","0,10%"
"03.08.2023","238,76","236,00","239,05","235,24","5,03M","0,51%"
"02.08.2023","237,56","238,63","238,79","236,79","4,87M","-0,93%"
"01.08.2023","239,78","237,14","240,73","237,00","4,62M","0,86%"
"31.07.2023","237,73","236,00","238,42","236,00","4,80M","0,84%"
"28.07.2023","235,75","234,58","235,88","233,71","6,80M","0,56%"
"27.07.2023","234,44","237,42","238,66","232,96","8,16M","-1,12%"
"26.07.2023","237,10","231,41","238,85","227,68","7,55M","-0,67%"
"25.07.2023","238,69","240,02","240,80","238,56","5,00M","-0,85%"
"24.07.2023","240,74","239,68","241,27","238,19","6,01M","0,62%"
"21.07.2023","239,25","239,74","240,35","238,73","5,43M","-0,15%"
"20.07.2023","239,62","241,16","241,61","239,07","4,69M","-0,75%"
"19.07.2023","241,42","241,25","242,59","240,12","4,83M","0,27%"
"18.07.2023","240,77","243,10","243,18","237,68","7,66M","-1,32%"
"17.07.2023","243,99","243,11","245,37","243,00","4,33M","0,34%"
"14.07.2023","243,16","244,73","244,74","241,96","4,94M","-0,06%"
"13.07.2023","243,31","243,79","244,26","243,15","5,81M","0,45%"
"12.07.2023","242,21","241,55","243,95","241,23","6,11M","0,69%"
"11.07.2023","240,55","238,81","240,70","238,12","3,86M","1,00%"
"10.07.2023","238,16","237,01","239,10","236,50","4,86M","0,72%"
"07.07.2023","236,45","236,73","238,44","236,13","5,73M","-1,02%"
"06.07.2023","238,88","238,27","239,60","236,69","6,42M","-0,24%"
"05.07.2023","239,45","234,41","240,00","233,99","7,60M","0,62%"
"03.07.2023","237,97","236,84","238,39","235,51","3,09M","0,21%"
"30.06.2023","237,48","236,27","238,28","235,95","6,88M","1,35%"
"29.06.2023","234,32","228,79","234,70","228,60","7,11M","2,79%"
"28.06.2023","227,96","227,50","228,06","226,02","5,24M","0,27%"
"27.06.2023","227,34","227,48","228,61","226,52","4,62M","0,46%"
"26.06.2023","226,30","229,44","230,10","226,20","5,16M","-1,42%"
"23.06.2023","229,55","227,22","229,98","226,39","5,42M","0,51%"
"22.06.2023","228,39","226,36","228,93","225,50","6,27M","0,50%"
"21.06.2023","227,25","226,12","228,63","224,98","7,02M","0,34%"
"20.06.2023","226,47","227,00","229,57","226,18","7,75M","-1,07%"
"16.06.2023","228,91","226,45","229,80","226,08","13,63M","1,21%"
"15.06.2023","226,17","222,02","227,11","221,37","7,62M","1,22%"
"14.06.2023","223,44","223,74","225,47","222,58","9,14M","0,02%"
"13.06.2023","223,40","225,62","227,15","222,63","6,87M","-1,22%"
"12.06.2023","226,17","224,41","226,45","223,63","8,61M","1,17%"
"09.06.2023","223,56","223,64","225,18","222,76","6,37M","0,23%"
"08.06.2023","223,05","225,09","225,13","222,41","6,25M","-0,99%"
"07.06.2023","225,27","227,00","227,55","221,02","8,52M","-1,29%"
"06.06.2023","228,22","226,69","229,25","226,16","6,02M","0,64%"
"05.06.2023","226,77","227,91","228,33","225,31","4,85M","-0,88%"
"02.06.2023","228,79","228,81","230,27","227,42","5,87M","1,01%"
"01.06.2023","226,50","222,73","226,71","222,43","6,97M","2,47%"
"31.05.2023","221,03","219,96","221,53","216,14","19,89M","-0,28%"
"30.05.2023","221,64","225,01","225,47","219,75","6,91M","-1,50%"
"26.05.2023","225,01","223,82","226,21","223,34","5,07M","0,73%"
"25.05.2023","223,38","222,45","224,69","220,49","6,82M","0,51%"
"24.05.2023","222,25","222,55","223,10","220,03","6,73M","-1,04%"
"23.05.2023","224,58","229,27","229,49","223,66","8,53M","-2,90%"
"22.05.2023","231,28","233,31","233,87","231,18","3,98M","-0,87%"
"19.05.2023","233,31","234,00","234,34","231,94","5,40M","-0,12%"
"18.05.2023","233,60","232,40","234,15","231,13","6,27M","0,41%"
"17.05.2023","232,65","232,73","233,89","230,55","4,99M","0,95%"
"16.05.2023","230,47","232,56","233,10","229,63","4,29M","-1,01%"
"15.05.2023","232,81","231,19","232,83","230,55","2,84M","0,62%"
"12.05.2023","231,38","232,00","232,73","229,82","3,43M","0,16%"
"11.05.2023","231,01","230,75","231,52","228,27","3,82M","-0,11%"
"10.05.2023","231,27","234,30","234,81","228,90","5,25M","-0,85%"
"09.05.2023","233,26","231,08","234,09","230,82","4,35M","0,44%"
"08.05.2023","232,23","231,25","233,45","231,25","2,94M","0,19%"
"05.05.2023","231,78","228,34","232,34","227,29","6,24M","2,74%"
"04.05.2023","225,60","224,84","226,05","223,48","5,65M","-0,17%"
"03.05.2023","225,98","226,98","228,67","225,92","4,09M","-0,44%"
"02.05.2023","226,98","231,95","232,37","226,21","5,24M","-2,38%"
"01.05.2023","232,51","232,87","234,59","231,51","4,57M","-0,09%"
"28.04.2023","232,73","228,65","233,57","228,06","11,63M","1,62%"
"27.04.2023","229,01","228,67","229,63","226,61","7,13M","0,38%"
"26.04.2023","228,15","231,22","232,77","226,72","8,40M","-0,63%"
"25.04.2023","229,59","233,02","235,02","229,43","6,08M","-1,36%"
"24.04.2023","232,76","234,23","235,15","231,51","9,12M","-0,55%"
"21.04.2023","234,05","235,00","235,57","233,38","6,77M","-0,23%"
"20.04.2023","234,60","232,46","234,67","231,50","4,93M","0,87%"
"19.04.2023","232,57","234,00","234,06","231,85","3,83M","-0,44%"
"18.04.2023","233,60","233,75","234,33","231,69","4,80M","0,05%"
"17.04.2023","233,48","234,02","234,05","230,94","4,87M","-0,23%"
"14.04.2023","234,02","232,99","234,99","232,24","9,78M","0,57%"
"13.04.2023","232,69","229,46","232,84","228,80","7,62M","2,14%"
"12.04.2023","227,81","229,93","231,59","227,33","4,37M","-0,28%"
"11.04.2023","228,45","227,00","229,13","226,20","4,51M","0,89%"
"10.04.2023","226,43","225,56","226,48","224,32","4,95M","0,19%"
"06.04.2023","225,99","226,16","226,73","224,68","4,29M","-0,96%"
"05.04.2023","228,17","226,78","228,47","226,55","4,81M","0,22%"
"04.04.2023","227,66","229,00","230,05","226,83","5,25M","-0,59%"
"03.04.2023","229,00","225,23","229,16","224,12","6,42M","1,57%"
"31.03.2023","225,46","223,60","225,84","223,29","9,51M","1,39%"
"30.03.2023","222,36","223,92","224,24","221,21","5,38M","-0,42%"
"29.03.2023","223,30","222,29","223,55","220,92","4,48M","1,35%"
"28.03.2023","220,33","222,82","223,33","218,65","6,42M","-0,67%"
"27.03.2023","221,81","222,59","224,08","221,39","7,21M","0,35%"
"24.03.2023","221,04","220,67","221,33","218,25","4,79M","-0,70%"
"23.03.2023","222,59","220,44","225,25","220,26","6,43M","1,16%"
"22.03.2023","220,04","222,50","224,90","219,92","6,70M","-0,86%"
"21.03.2023","221,95","221,34","222,51","218,68","8,97M","1,74%"
"20.03.2023","218,15","217,00","220,54","216,84","9,82M","0,35%"
"17.03.2023","217,39","214,87","218,66","214,87","18,80M","-0,03%"
"16.03.2023","217,45","215,17","217,58","208,76","13,68M","0,50%"
"15.03.2023","216,37","214,41","216,91","213,67","8,37M","-1,05%"
"14.03.2023","218,66","218,00","219,87","216,04","7,99M","1,95%"
"13.03.2023","214,47","214,63","217,85","212,50","6,81M","-0,77%"
"10.03.2023","216,14","219,03","219,12","215,48","6,64M","-1,76%"
"09.03.2023","220,01","221,40","224,37","219,66","5,07M","-0,98%"
"08.03.2023","222,19","221,96","222,93","221,18","4,20M","-0,44%"
"07.03.2023","223,17","226,75","227,38","223,08","4,39M","-1,58%"
"06.03.2023","226,75","223,93","227,41","223,69","5,74M","1,33%"
"03.03.2023","223,77","220,20","224,01","219,90","6,06M","2,15%"
"02.03.2023","219,06","217,89","219,60","217,09","5,54M","0,32%"
"01.03.2023","218,36","219,46","220,27","216,43","4,79M","-0,72%"
"28.02.2023","219,94","220,00","221,77","219,50","5,39M","-0,19%"
"27.02.2023","220,35","220,73","221,44","219,34","4,26M","0,36%"
"24.02.2023","219,55","218,48","220,24","217,46","4,41M","-0,71%"
"23.02.2023","221,13","221,56","222,09","218,93","5,53M","0,50%"
"22.02.2023","220,02","220,41","221,75","219,45","4,62M","-0,27%"
"21.02.2023","220,62","220,16","222,44","219,99","7,28M","-1,32%"
"17.02.2023","223,56","224,18","224,77","221,74","4,52M","-1,01%"
"16.02.2023","225,83","226,07","228,36","225,67","3,87M","-1,35%"
"15.02.2023","228,92","227,59","229,07","226,80","4,41M","-0,20%"
"14.02.2023","229,39","228,67","231,42","227,17","4,83M","0,22%"
"13.02.2023","228,88","226,88","229,83","226,27","4,95M","0,74%"
"10.02.2023","227,20","228,96","229,91","226,16","4,51M","-0,94%"
"09.02.2023","229,35","232,41","232,48","229,13","5,24M","-0,37%"
"08.02.2023","230,20","230,34","231,86","229,99","4,98M","-0,48%"
"07.02.2023","231,32","228,02","232,13","227,95","4,04M","0,82%"
"06.02.2023","229,44","228,70","230,26","228,04","3,40M","-0,30%"
"03.02.2023","230,13","228,69","230,86","227,64","5,24M","0,25%"
"02.02.2023","229,56","233,96","234,30","228,37","7,19M","-0,58%"
"01.02.2023","230,90","229,37","232,66","227,80","5,79M","0,30%"
"31.01.2023","230,21","228,81","230,80","228,45","11,29M","0,48%"
"30.01.2023","229,10","230,20","230,42","227,93","5,68M","-1,01%"
"27.01.2023","231,44","228,00","232,84","227,25","11,38M","2,99%"
"26.01.2023","224,71","226,00","227,08","223,67","7,04M","-0,08%"
"25.01.2023","224,90","221,62","224,97","221,17","4,73M","0,45%"
"24.01.2023","223,89","224,05","230,00","216,63","5,27M","-0,13%"
"23.01.2023","224,18","224,60","226,20","223,15","5,50M","-0,06%"
"20.01.2023","224,31","221,14","224,43","220,41","5,21M","1,77%"
"19.01.2023","220,41","218,10","221,52","217,50","4,85M","0,43%"
"18.01.2023","219,46","224,08","224,99","219,44","6,56M","-1,59%"
"17.01.2023","223,00","222,38","224,40","222,37","6,10M","-0,03%"
"13.01.2023","223,06","221,91","223,76","220,14","4,28M","-0,25%"
"12.01.2023","223,62","222,10","223,81","220,61","4,26M","0,68%"
"11.01.2023","222,10","221,29","222,18","219,70","5,41M","0,46%"
"10.01.2023","221,09","218,99","222,39","218,18","10,86M","1,14%"
"09.01.2023","218,60","219,07","222,21","218,35","6,29M","0,39%"
"06.01.2023","217,75","214,00","218,14","213,09","6,83M","3,15%"
"05.01.2023","211,11","213,80","214,16","210,46","5,25M","-0,71%"
"04.01.2023","212,61","209,62","213,20","209,62","6,61M","2,52%"
"03.01.2023","207,39","209,28","212,32","206,16","4,20M","-0,18%"
"30.12.2022","207,76","206,31","208,04","205,70","4,16M","-0,14%"
"29.12.2022","208,06","205,95","208,53","205,50","3,68M","1,50%"
"28.12.2022","204,99","206,68","208,53","204,80","3,14M","-0,63%"
"27.12.2022","206,29","205,92","206,88","204,60","2,90M","0,22%"
"23.12.2022","205,83","204,13","206,24","203,52","3,25M","0,38%"
"22.12.2022","205,06","205,75","206,65","202,13","5,69M","-0,85%"
"21.12.2022","206,81","206,57","207,96","205,58","4,09M","0,71%"
"20.12.2022","205,36","203,88","206,53","203,55","5,02M","0,26%"
"19.12.2022","204,82","206,63","207,47","203,95","4,89M","-1,00%"
"16.12.2022","206,89","207,49","208,40","205,30","12,47M","-0,49%"
"15.12.2022","207,91","209,60","211,82","206,82","10,83M","-2,54%"
"14.12.2022","213,32","212,85","216,28","211,63","7,00M","0,13%"
"13.12.2022","213,04","219,54","219,98","212,62","14,59M","-0,72%"
"12.12.2022","214,59","210,00","214,82","209,47","5,94M","2,82%"
"09.12.2022","208,70","207,91","210,52","207,52","4,93M","-0,19%"
"08.12.2022","209,10","209,51","210,30","207,75","4,90M","0,62%"
"07.12.2022","207,81","208,80","209,02","205,13","7,92M","-0,61%"
"06.12.2022","209,08","212,00","212,13","207,64","5,99M","-2,15%"
"05.12.2022","213,68","215,65","216,91","213,05","9,01M","-1,83%"
"02.12.2022","217,66","215,73","218,48","214,24","5,13M","0,30%"
"01.12.2022","217,00","217,00","218,65","215,30","11,26M","0,00%"
"30.11.2022","217,00","208,22","217,00","208,01","13,92M","3,80%"
"29.11.2022","209,06","209,35","210,15","207,35","8,99M","-1,04%"
"28.11.2022","211,26","212,26","214,47","210,65","10,23M","-1,18%"
"25.11.2022","213,79","211,71","214,00","211,38","1,99M","0,97%"
"23.11.2022","211,73","210,00","212,83","209,91","3,81M","0,67%"
"22.11.2022","210,33","207,54","210,48","205,35","5,27M","1,94%"
"21.11.2022","206,32","210,30","210,55","205,89","10,45M","-2,13%"
"18.11.2022","210,80","213,17","214,17","209,74","8,03M","-0,09%"
"17.11.2022","210,99","207,96","211,28","207,32","5,39M","0,40%"
"16.11.2022","210,14","208,58","210,89","208,22","6,13M","0,07%"
"15.11.2022","209,99","209,99","213,73","207,51","7,32M","1,51%"
"14.11.2022","206,86","203,50","209,17","203,21","5,80M","0,91%"
"11.11.2022","205,00","206,00","206,43","202,15","9,60M","-0,28%"
"10.11.2022","205,57","203,09","205,76","200,02","8,05M","6,00%"
"09.11.2022","193,93","200,70","201,33","193,32","7,32M","-3,89%"
"08.11.2022","201,78","201,66","204,12","199,74","6,94M","0,84%"
"07.11.2022","200,10","198,32","200,44","197,17","7,82M","1,58%"
"04.11.2022","196,98","197,00","201,45","195,34","9,68M","1,15%"
"03.11.2022","194,75","198,28","198,85","194,18","8,24M","-3,09%"
"02.11.2022","200,95","205,76","207,00","200,58","6,99M","-2,89%"
"01.11.2022","206,93","208,91","209,97","205,33","5,92M","-0,11%"
"31.10.2022","207,16","208,92","209,62","206,20","8,67M","-1,04%"
"28.10.2022","209,34","205,00","211,52","203,31","8,46M","2,47%"
"27.10.2022","204,29","203,32","206,32","201,59","7,95M","0,47%"
"26.10.2022","203,33","196,58","206,37","196,50","15,45M","4,60%"
"25.10.2022","194,38","190,87","195,23","190,72","11,91M","1,92%"
"24.10.2022","190,71","191,41","193,13","189,10","7,30M","0,18%"
"21.10.2022","190,37","185,80","190,95","185,05","7,58M","1,68%"
"20.10.2022","187,22","186,46","190,98","186,43","5,71M","0,43%"
"19.10.2022","186,41","185,49","187,64","184,76","4,93M","-0,41%"
"18.10.2022","187,17","189,49","190,19","185,74","5,21M","1,04%"
"17.10.2022","185,25","186,00","188,57","182,85","13,95M","1,44%"
"14.10.2022","182,62","186,79","187,13","182,07","6,45M","-1,10%"
"13.10.2022","184,66","175,00","185,37","174,60","8,43M","3,60%"
"12.10.2022","178,24","179,09","180,59","178,22","4,88M","-0,50%"
"11.10.2022","179,14","180,37","181,64","178,19","6,29M","-1,67%"
"10.10.2022","182,18","184,13","184,78","180,90","4,74M","-0,90%"
"07.10.2022","183,83","183,45","184,61","181,93","5,61M","-0,95%"
"06.10.2022","185,59","186,65","188,05","185,25","5,16M","-1,11%"
"05.10.2022","187,67","183,34","188,82","182,36","6,12M","1,09%"
"04.10.2022","185,65","185,05","186,21","183,07","7,08M","2,20%"
"03.10.2022","181,65","179,34","183,36","178,15","8,84M","2,25%"
"30.09.2022","177,65","180,06","182,92","177,60","9,47M","-1,34%"
"29.09.2022","180,06","178,83","182,24","178,73","9,11M","0,49%"
"28.09.2022","179,18","177,26","180,10","174,83","9,75M","0,74%"
"27.09.2022","177,87","182,51","184,85","177,02","9,80M","-1,51%"
"26.09.2022","180,59","183,04","184,50","179,90","9,91M","-1,83%"
"23.09.2022","183,96","183,47","184,58","182,23","10,76M","-0,98%"
"22.09.2022","185,79","186,35","187,21","184,66","6,60M","-0,66%"
"21.09.2022","187,02","192,53","193,09","187,00","6,71M","-2,63%"
"20.09.2022","192,07","191,10","193,03","190,29","5,29M","-0,55%"
"19.09.2022","193,13","191,59","193,99","190,71","8,13M","-0,09%"
"16.09.2022","193,30","190,22","193,82","188,22","9,40M","-1,06%"
"15.09.2022","195,37","198,09","200,31","194,53","6,10M","-2,03%"
"14.09.2022","199,41","200,00","200,88","198,06","4,63M","-0,13%"
"13.09.2022","199,67","202,05","203,47","198,87","5,22M","-3,37%"
"12.09.2022","206,63","206,50","207,19","204,95","3,81M","0,70%"
"09.09.2022","205,20","202,07","206,40","201,35","4,89M","2,24%"
"08.09.2022","200,71","197,40","201,11","196,96","4,38M","0,14%"
"07.09.2022","200,42","198,71","201,13","197,22","4,10M","0,90%"
"06.09.2022","198,64","197,90","200,04","196,40","4,55M","0,44%"
"02.09.2022","197,76","202,44","202,48","196,85","4,51M","-1,18%"
"01.09.2022","200,13","198,72","200,43","196,66","5,61M","0,71%"
"31.08.2022","198,71","201,00","203,16","198,64","6,56M","-1,33%"
"30.08.2022","201,38","203,92","204,41","200,21","3,92M","-0,47%"
"29.08.2022","202,33","201,25","203,96","200,62","4,48M","-0,28%"
"26.08.2022","202,89","209,77","210,26","202,70","5,06M","-3,30%"
"25.08.2022","209,82","207,39","209,91","206,50","4,50M","1,52%"
"24.08.2022","206,67","206,63","208,35","205,68","4,23M","-0,06%"
"23.08.2022","206,80","208,00","209,30","206,53","3,53M","-0,87%"
"22.08.2022","208,61","209,94","211,25","208,20","5,14M","-1,98%"
"19.08.2022","212,82","214,11","215,23","212,39","4,18M","-1,13%"
"18.08.2022","215,25","213,87","216,00","212,43","4,52M","0,34%"
"17.08.2022","214,52","215,00","216,18","212,75","4,90M","-1,21%"
"16.08.2022","217,14","214,55","217,61","212,13","6,56M","0,33%"
"15.08.2022","216,42","210,37","216,74","210,37","5,29M","2,41%"
"12.08.2022","211,33","213,00","213,22","210,10","6,44M","0,12%"
"11.08.2022","211,08","213,29","213,50","210,59","6,64M","-0,48%"
"10.08.2022","212,10","214,83","214,84","211,31","5,75M","0,88%"
"09.08.2022","210,26","212,00","213,45","209,75","4,60M","-1,43%"
"08.08.2022","213,32","215,23","216,63","212,05","4,07M","-1,18%"
"05.08.2022","215,87","210,71","215,95","210,50","5,55M","1,12%"
"04.08.2022","213,47","210,53","214,88","208,55","6,79M","2,39%"
"03.08.2022","208,48","207,99","210,33","206,88","9,52M","1,08%"
"02.08.2022","206,26","207,80","208,84","203,93","9,94M","-2,41%"
"01.08.2022","211,36","208,45","213,99","207,56","8,03M","-0,35%"
"29.07.2022","212,11","212,00","214,16","209,83","6,06M","0,36%"
"28.07.2022","211,35","210,64","212,72","207,92","7,48M","0,42%"
"27.07.2022","210,47","210,77","216,85","201,20","17,43M","-0,95%"
"26.07.2022","212,49","213,85","215,15","211,75","6,14M","-0,83%"
"25.07.2022","214,27","214,58","214,80","211,62","4,36M","0,27%"
"22.07.2022","213,70","217,93","218,07","212,12","5,07M","-1,15%"
"21.07.2022","216,19","213,15","216,90","212,73","4,80M","1,32%"
"20.07.2022","213,37","212,00","214,13","211,21","4,46M","-0,14%"
"19.07.2022","213,66","208,22","214,11","207,90","4,93M","3,11%"
"18.07.2022","207,21","211,50","212,91","206,64","4,65M","-1,35%"
"15.07.2022","210,04","209,37","211,71","207,18","7,25M","2,01%"
"14.07.2022","205,91","200,00","206,08","197,98","5,61M","0,86%"
"13.07.2022","204,15","200,43","205,57","199,50","7,60M","-0,33%"
"12.07.2022","204,82","203,25","208,12","202,76","6,78M","-0,12%"
"11.07.2022","205,06","202,00","206,74","202,00","5,37M","0,73%"
"08.07.2022","203,57","202,32","204,10","200,46","3,62M","0,38%"
"07.07.2022","202,80","202,54","203,43","200,04","4,65M","0,84%"
"06.07.2022","201,12","200,00","202,51","198,66","4,11M","0,29%"
"05.07.2022","200,54","196,23","200,57","194,14","4,11M","0,68%"
"01.07.2022","199,18","196,79","199,80","194,71","4,13M","1,16%"
"30.06.2022","196,89","195,37","198,85","192,85","7,05M","-1,31%"
"29.06.2022","199,50","197,32","200,64","197,32","4,32M","0,70%"
"28.06.2022","198,12","204,00","206,79","197,50","4,37M","-2,67%"
"27.06.2022","203,56","205,75","207,09","202,61","6,12M","-0,95%"
"24.06.2022","205,51","197,73","205,64","197,51","7,75M","4,51%"
"23.06.2022","196,64","196,14","197,46","193,45","4,75M","1,45%"
"22.06.2022","193,82","191,25","196,39","191,03","5,14M","-0,29%"
"21.06.2022","194,39","195,71","196,73","193,73","6,24M","2,31%"
"17.06.2022","190,01","186,93","191,31","185,91","15,09M","0,51%"
"16.06.2022","189,05","191,41","191,87","187,53","9,89M","-3,62%"
"15.06.2022","196,16","195,98","198,83","192,23","6,49M","1,36%"
"14.06.2022","193,52","192,72","194,34","191,75","6,44M","0,66%"
"13.06.2022","192,26","192,99","195,89","191,08","7,12M","-3,63%"
"10.06.2022","199,51","201,65","203,42","199,18","5,16M","-3,20%"
"09.06.2022","206,11","212,59","213,71","206,02","5,14M","-3,46%"
"08.06.2022","213,50","213,76","215,57","212,83","3,65M","-0,47%"
"07.06.2022","214,50","211,12","214,97","210,72","4,49M","0,73%"
"06.06.2022","212,94","215,45","217,58","212,09","3,97M","0,14%"
"03.06.2022","212,65","212,95","214,21","211,27","4,35M","-1,12%"
"02.06.2022","215,05","211,89","215,25","211,08","5,34M","2,44%"
"01.06.2022","209,93","212,05","214,11","208,82","5,25M","-1,06%"
"31.05.2022","212,17","210,38","214,35","209,11","9,59M","-0,33%"
"27.05.2022","212,88","210,00","213,23","209,64","4,90M","2,08%"
"26.05.2022","208,55","205,11","209,74","204,67","9,21M","2,31%"
"25.05.2022","203,84","200,59","204,95","200,47","5,46M","0,60%"
"24.05.2022","202,63","203,91","204,67","199,03","7,46M","-2,38%"
"23.05.2022","207,56","200,88","207,96","200,77","12,19M","4,29%"
"20.05.2022","199,03","199,67","201,66","194,02","6,97M","0,84%"
"19.05.2022","197,37","196,35","200,42","193,31","9,01M","-1,31%"
"18.05.2022","199,99","202,82","205,46","199,13","8,75M","-1,97%"
"17.05.2022","204,00","202,85","204,80","200,15","7,27M","3,13%"
"16.05.2022","197,81","197,32","199,94","195,88","5,16M","-0,71%"
"13.05.2022","199,23","197,00","200,54","196,50","6,68M","2,71%"
"12.05.2022","193,97","194,53","196,06","189,95","9,31M","-1,40%"
"11.05.2022","196,72","193,49","198,32","191,40","9,43M","1,62%"
"10.05.2022","193,58","196,71","197,75","190,97","11,02M","0,30%"
"09.05.2022","193,00","200,05","200,75","192,08","10,31M","-4,84%"
"06.05.2022","202,82","203,75","205,72","200,22","8,83M","-1,18%"
"05.05.2022","205,24","212,27","214,58","203,07","7,75M","-4,33%"
"04.05.2022","214,52","209,35","214,80","205,33","7,19M","2,86%"
"03.05.2022","208,56","213,61","213,61","206,27","6,62M","-1,40%"
"02.05.2022","211,53","211,77","212,14","206,96","8,80M","-0,75%"
"29.04.2022","213,13","218,62","221,20","212,35","7,96M","-3,41%"
"28.04.2022","220,66","220,40","224,93","219,27","10,80M","3,06%"
"27.04.2022","214,11","217,37","221,80","213,05","15,96M","6,47%"
"26.04.2022","201,10","206,98","208,56","201,10","8,16M","-4,22%"
"25.04.2022","209,95","206,35","210,53","205,33","6,84M","0,86%"
"22.04.2022","208,17","216,24","216,56","207,95","6,20M","-3,83%"
"21.04.2022","216,45","219,51","223,92","215,35","8,85M","-0,62%"
"20.04.2022","217,79","218,66","220,82","217,39","7,18M","0,97%"
"19.04.2022","215,70","213,10","216,51","212,44","5,03M","1,19%"
"18.04.2022","213,17","211,67","215,83","211,52","4,74M","0,18%"
"14.04.2022","212,79","214,27","215,95","212,53","8,19M","-0,23%"
"13.04.2022","213,27","210,43","213,85","207,17","8,05M","0,88%"
"12.04.2022","211,40","216,50","216,99","210,70","7,45M","-1,56%"
"11.04.2022","214,75","215,25","217,30","213,41","6,94M","-1,03%"
"08.04.2022","216,98","214,81","219,40","213,08","5,44M","0,38%"
"07.04.2022","216,15","218,31","218,68","213,68","7,00M","-1,31%"
"06.04.2022","219,01","222,78","222,87","218,62","7,43M","-3,13%"
"05.04.2022","226,09","226,83","228,99","225,31","4,66M","-0,72%"
"04.04.2022","227,74","225,76","229,24","224,96","8,52M","0,61%"
"01.04.2022","226,36","223,08","226,63","222,23","6,56M","2,07%"
"31.03.2022","221,77","223,91","225,92","220,44","10,76M","-0,97%"
"30.03.2022","223,95","225,84","226,16","222,73","7,08M","-1,83%"
"29.03.2022","228,12","224,84","228,81","223,78","8,03M","3,33%"
"28.03.2022","220,77","218,50","220,98","217,51","4,32M","1,07%"
"25.03.2022","218,43","218,42","218,93","215,69","5,05M","0,52%"
"24.03.2022","217,31","214,99","217,66","214,00","5,49M","1,23%"
"23.03.2022","214,68","215,30","217,29","214,20","6,01M","-1,73%"
"22.03.2022","218,47","217,84","219,57","217,18","6,26M","0,66%"
"21.03.2022","217,04","216,34","218,05","214,55","6,10M","-0,94%"
"18.03.2022","219,11","211,70","219,26","210,29","14,62M","2,65%"
"17.03.2022","213,45","209,93","213,54","208,72","6,67M","0,75%"
"16.03.2022","211,87","210,00","213,66","207,00","9,23M","2,78%"
"15.03.2022","206,14","202,09","206,41","201,40","8,28M","2,90%"
"14.03.2022","200,33","198,42","204,43","198,16","7,99M","1,84%"
"11.03.2022","196,71","200,75","200,84","196,46","5,43M","-0,64%"
"10.03.2022","197,97","196,90","199,94","196,30","7,06M","-0,90%"
"09.03.2022","199,76","196,50","200,50","195,24","8,46M","4,20%"
"08.03.2022","191,71","190,01","196,42","186,67","11,07M","0,53%"
"07.03.2022","190,70","199,84","200,18","190,04","13,41M","-4,79%"
"04.03.2022","200,29","205,00","206,37","196,86","10,91M","-3,35%"
"03.03.2022","207,23","210,55","211,50","206,56","8,61M","-0,60%"
"02.03.2022","208,48","206,90","210,54","206,19","8,87M","-0,23%"
"01.03.2022","208,97","214,48","215,15","207,28","9,32M","-3,31%"
"28.02.2022","216,12","216,00","218,65","213,24","8,41M","-1,44%"
"25.02.2022","219,27","217,29","220,68","214,25","8,46M","0,91%"
"24.02.2022","217,30","203,37","217,86","201,45","13,46M","0,63%"
"23.02.2022","215,95","222,84","224,28","215,42","8,67M","-2,43%"
"22.02.2022","221,32","221,02","224,34","219,92","9,93M","-0,62%"
"18.02.2022","222,69","224,60","225,74","221,84","8,12M","-0,85%"
"17.02.2022","224,61","228,40","228,81","224,17","8,13M","-1,84%"
"16.02.2022","228,82","227,50","229,88","225,60","9,56M","0,44%"
"15.02.2022","227,82","227,27","229,29","224,91","9,46M","1,10%"
"14.02.2022","225,34","223,29","227,26","222,81","8,28M","0,29%"
"11.02.2022","224,69","227,25","229,10","223,54","7,54M","-0,40%"
"10.02.2022","225,59","228,03","229,95","224,87","6,79M","-2,29%"
"09.02.2022","230,87","230,13","233,15","230,12","7,77M","1,29%"
"08.02.2022","227,94","226,26","228,50","224,75","7,54M","0,34%"
"07.02.2022","227,16","228,00","229,92","226,01","5,98M","-0,54%"
"04.02.2022","228,39","228,50","230,22","224,95","10,85M","-1,36%"
"03.02.2022","231,54","233,04","233,49","230,55","9,97M","-1,65%"
"02.02.2022","235,42","231,30","235,85","230,01","10,59M","1,32%"
"01.02.2022","232,36","226,90","234,61","226,42","12,25M","2,74%"
"31.01.2022","226,17","225,55","226,38","222,05","12,38M","-0,80%"
"28.01.2022","228,00","220,64","228,12","216,10","26,43M","10,60%"
"27.01.2022","206,15","209,50","210,96","205,85","12,01M","0,14%"
"26.01.2022","205,87","204,28","210,86","203,67","10,82M","1,92%"
"25.01.2022","202,00","199,62","205,38","196,99","12,13M","0,07%"
"24.01.2022","201,85","202,18","202,72","195,65","16,07M","-1,98%"